,Title,Relase,Audience Rating,Runtime,Genre,IMDB Rating,Votes,Box Office Earnings,Director,Actors,Description
0,Iron Man,-2008,PG-13,126 min,"Action, Adventure, Sci-Fi            ",7.9,"9,17,291","9,17,291",Jon Favreau,"['Robert Downey Jr.', 'Gwyneth Paltrow', 'Terrence Howard', 'Jeff Bridges']","After being held captive in an Afghan cave, billionaire engineer Tony Stark creates a unique weaponized suit of armor to fight evil."
1,Shaun of the Dead,-2004,R,99 min,"Comedy, Horror            ",7.9,"5,00,241","5,00,241",Edgar Wright,"['Simon Pegg', 'Nick Frost', 'Kate Ashfield', 'Lucy Davis']",A man's uneventful life is disrupted by the zombie apocalypse.
2,Head-On,-2004,R,121 min,"Drama, Romance            ",7.9,"49,866","49,866",Fatih Akin,"['Birol Ünel', 'Sibel Kekilli', 'Güven Kiraç', 'Zarah Jane McKenzie']","With the intention to break free from the strict familial restrictions, a suicidal young woman sets up a marriage of convenience with a forty-year-old addict, an act that will lead to an outburst of envious love."
3,Mystic River,-2003,R,138 min,"Crime, Drama, Mystery            ",7.9,"4,09,784","4,09,784",Clint Eastwood,"['Sean Penn', 'Tim Robbins', 'Kevin Bacon', 'Emmy Rossum']",The lives of three men who were childhood friends are shattered when one of them has a family tragedy.
4,Harry Potter and the Prisoner of Azkaban,-2004,PG,142 min,"Adventure, Family, Fantasy            ",7.9,"5,30,036","5,30,036",Alfonso Cuarón,"['Daniel Radcliffe', 'Emma Watson', 'Rupert Grint', 'Richard Griffiths']","Harry Potter, Ron and Hermione return to Hogwarts School of Witchcraft and Wizardry for their third year of study, where they delve into the mystery surrounding an escaped prisoner who poses a dangerous threat to the young wizard."
5,Hero,-2002,PG-13,120 min,"Action, Adventure, History            ",7.9,"1,71,536","1,71,536",Yimou Zhang,"['Jet Li', 'Tony Chiu-Wai Leung', 'Maggie Cheung', 'Ziyi Zhang']","A defense officer, Nameless, was summoned by the King of Qin regarding his success of terminating three warriors."
6,Talk to Her,-2002,R,112 min,"Drama, Mystery, Romance            ",7.9,"1,02,361","1,02,361",Pedro Almodóvar,"['Rosario Flores', 'Javier Cámara', 'Darío Grandinetti', 'Leonor Watling']",Two men share an odd friendship while they care for two women who are both in deep comas.
7,No Man's Land,(I) (2001),R,98 min,"Comedy, Drama, War            ",7.9,"43,831","43,831",Danis Tanovic,"['Branko Djuric', 'Rene Bitorajac', 'Filip Sovagovic', 'Georges Siatidis']","Bosnia and Herzegovina during 1993 at the time of the heaviest fighting between the two warring sides. Two soldiers from opposing sides in the conflict, Nino and Ciki, become trapped in no man's land, whilst a third soldier becomes a living booby trap."
8,Cowboy Bebop: The Movie,-2001,UA,115 min,"Animation, Action, Crime            ",7.9,"41,753","41,753",Shin'ichirô Watanabe,"['Tensai Okamura', 'Hiroyuki Okiura', 'Yoshiyuki Takei', 'Beau Billingslea']","A terrorist explosion releases a deadly virus on the masses, and it's up the bounty-hunting Bebop crew to catch the cold-blooded culprit."
9,The Bourne Identity,-2002,PG-13,119 min,"Action, Mystery, Thriller            ",7.9,"4,97,132","4,97,132",Doug Liman,"['Franka Potente', 'Matt Damon', 'Chris Cooper', 'Clive Owen']","A man is picked up by a fishing boat, bullet-riddled and suffering from amnesia, before racing to elude assassins and attempting to regain his memory."
10,Nine Queens,-2000,R,114 min,"Crime, Drama, Thriller            ",7.9,"48,567","48,567",Fabián Bielinsky,"['Ricardo Darín', 'Gastón Pauls', 'Graciela Tenenbaum', 'María Mercedes Villagra']","Two con artists try to swindle a stamp collector by selling him a sheet of counterfeit rare stamps (the ""nine queens"")."
11,Children of Men,-2006,R,109 min,"Drama, Sci-Fi, Thriller            ",7.9,"4,53,927","4,53,927",Alfonso Cuarón,"['Julianne Moore', 'Clive Owen', 'Chiwetel Ejiofor', 'Michael Caine']","In 2027, in a chaotic world in which women have become somehow infertile, a former activist agrees to help transport a miraculously pregnant woman to a sanctuary at sea."
12,Almost Famous,-2000,R,122 min,"Adventure, Comedy, Drama            ",7.9,"2,46,419","2,46,419",Cameron Crowe,"['Billy Crudup', 'Patrick Fugit', 'Kate Hudson', 'Frances McDormand']",A high-school boy is given the chance to write a story for Rolling Stone Magazine about an up-and-coming rock band as he accompanies them on their concert tour.
13,Toy Story 2,-1999,G,92 min,"Animation, Adventure, Comedy            ",7.9,"5,12,326","5,12,326",John Lasseter,"['Ash Brannon', 'Lee Unkrich', 'Tom Hanks', 'Tim Allen']","When Woody is stolen by a toy collector, Buzz and his friends set out on a rescue mission to save Woody before he becomes a museum toy property with his roundup gang Jessie, Prospector, and Bullseye."
14,Boogie Nights,-1997,R,155 min,Drama            ,7.9,"2,32,594","2,32,594",Paul Thomas Anderson,"['Mark Wahlberg', 'Julianne Moore', 'Burt Reynolds', 'Luis Guzmán']",The story of a young man's adventures in the California pornography industry of the late 1970s and early 1980s.
15,Whisper of the Heart,-1995,G,111 min,"Animation, Drama, Family            ",7.9,"48,091","48,091",Yoshifumi Kondô,"['Yoko Honna', 'Issey Takahashi', 'Takashi Tachibana', 'Shigeru Muroi']","A love story between a girl who loves reading books, and a boy who has previously checked out all of the library books she chooses."
16,Once Were Warriors,-1994,R,102 min,"Crime, Drama            ",7.9,"30,805","30,805",Lee Tamahori,"['Rena Owen', 'Temuera Morrison', 'Mamaengaroa Kerr-Bell', 'Julian Arahanga']",A family descended from Maori warriors is bedeviled by a violent father and the societal problems of being treated as outcasts.
17,True Romance,-1993,R,119 min,"Crime, Drama, Romance            ",7.9,"2,01,399","2,01,399",Tony Scott,"['Christian Slater', 'Patricia Arquette', 'Dennis Hopper', 'Val Kilmer']","In Detroit, a lonely pop culture geek marries a call girl, steals cocaine from her pimp, and tries to sell it in Hollywood. Meanwhile, the owners of the cocaine, the Mob, track them down in an attempt to reclaim it."
18,Three Colors: Blue,-1993,R,94 min,"Drama, Music, Mystery            ",7.9,"85,742","85,742",Krzysztof Kieslowski,"['Juliette Binoche', 'Zbigniew Zamachowski', 'Julie Delpy', 'Benoît Régent']",A woman struggles to find a way to live her life after the death of her husband and child.
19,Ninja Scroll,-1993,Not Rated,94 min,"Animation, Action, Adventure            ",7.9,"33,657","33,657",Yoshiaki Kawajiri,"['Kôichi Yamadera', 'Emi Shinohara', 'Takeshi Aono', 'Osamu Saka']",A vagabond swordsman is aided by a beautiful ninja girl and a crafty spy in confronting a demonic clan of killers - with a ghost from his past as their leader - who are bent on overthrowing the Tokugawa Shogunate.
20,Carlito's Way,-1993,R,144 min,"Crime, Drama, Thriller            ",7.9,"1,95,612","1,95,612",Brian De Palma,"['Al Pacino', 'Sean Penn', 'Penelope Ann Miller', 'John Leguizamo']","A Puerto Rican former convict, just released from prison, pledges to stay away from drugs and violence despite the pressure around him and lead on to a better life outside of N.Y.C."
21,Edward Scissorhands,-1990,PG-13,105 min,"Drama, Fantasy, Romance            ",7.9,"4,35,666","4,35,666",Tim Burton,"['Johnny Depp', 'Winona Ryder', 'Dianne Wiest', 'Anthony Michael Hall']","An artificial man, who was incompletely constructed and has scissors for hands, leads a solitary life. Then one day, a suburban lady meets him and introduces him to her world."
22,My Left Foot,-1989,R,103 min,"Biography, Drama            ",7.9,"65,836","65,836",Jim Sheridan,"['Daniel Day-Lewis', 'Brenda Fricker', 'Alison Whelan', 'Kirsten Sheridan']","Christy Brown, born with cerebral palsy, learns to paint and write with his only controllable limb - his left foot."
23,Do the Right Thing,-1989,R,120 min,"Comedy, Drama            ",7.9,"85,179","85,179",Spike Lee,"['Danny Aiello', 'Ossie Davis', 'Ruby Dee', 'Richard Edson']","On the hottest day of the year on a street in the Bedford-Stuyvesant section of Brooklyn, everyone's hate and bigotry smolders and builds until it explodes into violence."
24,Crimes and Misdemeanors,-1989,PG-13,104 min,"Comedy, Drama            ",7.9,"53,307","53,307",Woody Allen,"['Martin Landau', 'Woody Allen', 'Bill Bernstein', 'Claire Bloom']",An ophthalmologist's mistress threatens to reveal their affair to his wife while a married documentary filmmaker is infatuated with another woman.
25,The Untouchables,-1987,R,119 min,"Crime, Drama, Thriller            ",7.9,"2,71,555","2,71,555",Brian De Palma,"['Kevin Costner', 'Sean Connery', 'Robert De Niro', 'Charles Martin Smith']","During the era of Prohibition in the United States, Federal Agent Eliot Ness sets out to stop ruthless Chicago gangster Al Capone and, because of rampant corruption, assembles a small, hand-picked team to help him."
26,Hannah and Her Sisters,-1986,PG-13,107 min,"Comedy, Drama            ",7.9,"65,409","65,409",Woody Allen,"['Mia Farrow', 'Dianne Wiest', 'Michael Caine', 'Barbara Hershey']","Between two Thanksgivings two years apart, Hannah's husband falls in love with her sister Lee, while her hypochondriac ex-husband rekindles his relationship with her sister Holly."
27,The Breakfast Club,-1985,R,97 min,"Comedy, Drama            ",7.9,"3,46,017","3,46,017",John Hughes,"['Emilio Estevez', 'Judd Nelson', 'Molly Ringwald', 'Ally Sheedy']",Five high school students meet in Saturday detention and discover how they have a lot more in common than they thought.
28,Brazil,-1985,R,132 min,"Drama, Sci-Fi            ",7.9,"1,83,677","1,83,677",Terry Gilliam,"['Jonathan Pryce', 'Kim Greist', 'Robert De Niro', 'Katherine Helmond']",A bureaucrat in a dystopic society becomes an enemy of the state as he pursues the woman of his dreams.
29,This Is Spinal Tap,-1984,R,82 min,"Comedy, Music            ",7.9,"1,26,130","1,26,130",Rob Reiner,"['Rob Reiner', 'Michael McKean', 'Christopher Guest', 'Kimberly Stringer']","Spinal Tap, one of England's loudest bands, is chronicled by film director Marty DiBergi on what proves to be a fateful tour."
30,A Christmas Story,-1983,PG,94 min,"Comedy, Family            ",7.9,"1,27,493","1,27,493",Bob Clark,"['Peter Billingsley', 'Melinda Dillon', 'Darren McGavin', 'Scott Schwartz']","In the 1940s, a young boy named Ralphie attempts to convince his parents, his teacher and Santa that a Red Ryder BB gun really is the perfect Christmas gift."
31,The Blues Brothers,-1980,R,133 min,"Adventure, Comedy, Crime            ",7.9,"1,77,874","1,77,874",John Landis,"['John Belushi', 'Dan Aykroyd', 'Cab Calloway', 'John Candy']","Jake Blues, just released from prison, puts together his old band to save the Catholic home where he and his brother Elwood were raised."
32,Manhattan,-1979,R,96 min,"Comedy, Drama, Romance            ",7.9,"1,28,619","1,28,619",Woody Allen,"['Woody Allen', 'Diane Keaton', 'Mariel Hemingway', 'Michael Murphy']",The life of a divorced television writer dating a teenage girl is further complicated when he falls in love with his best friend's mistress.
33,All That Jazz,-1979,R,123 min,"Drama, Music, Musical            ",7.9,"26,985","26,985",Bob Fosse,"['Roy Scheider', 'Jessica Lange', 'Ann Reinking', 'Leland Palmer']","Director/choreographer Bob Fosse tells his own life story as he details the sordid career of Joe Gideon, a womanizing, drug-using dancer."
34,Dawn of the Dead,-1978,Unrated,127 min,"Action, Adventure, Horror            ",7.9,"1,08,759","1,08,759",George A. Romero,"['David Emge', 'Ken Foree', 'Scott H. Reiniger', 'Gaylen Ross']","Following an ever-growing epidemic of zombies that have risen from the dead, two Philadelphia S.W.A.T. team members, a traffic reporter, and his television executive girlfriend seek refuge in a secluded shopping mall."
35,The Holy Mountain,-1973,R,114 min,"Adventure, Drama, Fantasy            ",7.9,"35,085","35,085",Alejandro Jodorowsky,"['Alejandro Jodorowsky', 'Horacio Salinas', 'Zamira Saunders', 'Juan Ferrara']","In a corrupt, greed-fueled world, a powerful alchemist leads a Christ-like character and seven materialistic figures to the Holy Mountain, where they hope to achieve enlightenment."
36,Amarcord,-1973,R,123 min,"Comedy, Drama            ",7.9,"38,598","38,598",Federico Fellini,"['Magali Noël', 'Bruno Zanin', 'Pupella Maggio', 'Armando Brancia']",A series of comedic and nostalgic vignettes set in a 1930s Italian coastal town.
37,The Discreet Charm of the Bourgeoisie,-1972,PG,102 min,Comedy            ,7.9,"37,104","37,104",Luis Buñuel,"['Fernando Rey', 'Delphine Seyrig', 'Paul Frankeur', 'Bulle Ogier']","A surreal, virtually plotless series of dreams centered around six middle-class people and their consistently interrupted attempts to have a meal together."
38,"Aguirre, the Wrath of God",-1972,Not Rated,95 min,"Action, Adventure, Biography            ",7.9,"50,613","50,613",Werner Herzog,"['Klaus Kinski', 'Ruy Guerra', 'Helena Rojo', 'Del Negro']","In the 16th century, the ruthless and insane Don Lope de Aguirre leads a Spanish expedition in search of El Dorado."
39,Harold and Maude,-1971,PG,91 min,"Comedy, Drama, Romance            ",7.9,"69,095","69,095",Hal Ashby,"['Ruth Gordon', 'Bud Cort', 'Vivian Pickles', 'Cyril Cusack']","Young, rich, and obsessed with death, Harold finds himself changed forever when he meets lively septuagenarian Maude at a funeral."
40,Patton,-1970,GP,172 min,"Biography, Drama, War            ",7.9,"92,084","92,084",Franklin J. Schaffner,"['George C. Scott', 'Karl Malden', 'Stephen Young', 'Michael Strong']",The World War II phase of the career of controversial American general George S. Patton.
41,The Wild Bunch,-1969,R,135 min,"Action, Adventure, Western            ",7.9,"75,790","75,790",Sam Peckinpah,"['William Holden', 'Ernest Borgnine', 'Robert Ryan', ""Edmond O'Brien""]","An aging group of outlaws look for one last big score as the ""traditional"" American West is disappearing around them."
42,Night of the Living Dead,-1968,Not Rated,96 min,"Horror, Thriller            ",7.9,"1,12,613","1,12,613",George A. Romero,"['Duane Jones', ""Judith O'Dea"", 'Karl Hardman', 'Marilyn Eastman']","A ragtag group of Pennsylvanians barricade themselves in an old farmhouse to remain safe from a bloodthirsty, flesh-eating breed of monsters who are ravaging the East Coast of the United States."
43,The Lion in Winter,-1968,PG,134 min,"Biography, Drama, History            ",7.9,"28,320","28,320",Anthony Harvey,"[""Peter O'Toole"", 'Katharine Hepburn', 'Anthony Hopkins', 'John Castle']","1183 A.D.: King Henry II's three sons all want to inherit the throne, but he won't commit to a choice. They and his wife variously plot to force him."
44,In the Heat of the Night,-1967,Not Rated,110 min,"Crime, Drama, Mystery            ",7.9,"65,452","65,452",Norman Jewison,"['Sidney Poitier', 'Rod Steiger', 'Warren Oates', 'Lee Grant']",A black police detective is asked to investigate a murder in a racially hostile southern town.
45,Charade,-1963,Passed,113 min,"Comedy, Mystery, Romance            ",7.9,"65,747","65,747",Stanley Donen,"['Cary Grant', 'Audrey Hepburn', 'Walter Matthau', 'James Coburn']",Romance and suspense ensue in Paris as a woman is pursued by several men who want a fortune her murdered husband had stolen. Whom can she trust?
46,The Manchurian Candidate,-1962,PG-13,126 min,"Drama, Thriller            ",7.9,"69,969","69,969",John Frankenheimer,"['Frank Sinatra', 'Laurence Harvey', 'Janet Leigh', 'Angela Lansbury']",A former prisoner of war is brainwashed as an unwitting assassin for an international Communist conspiracy.
47,Spartacus,-1960,PG-13,197 min,"Adventure, Biography, Drama            ",7.9,"1,21,276","1,21,276",Stanley Kubrick,"['Kirk Douglas', 'Laurence Olivier', 'Jean Simmons', 'Charles Laughton']",The slave Spartacus leads a violent revolt against the decadent Roman Republic.
48,L'Avventura,-1960,Not Rated,144 min,"Drama, Mystery            ",7.9,"25,459","25,459",Michelangelo Antonioni,"['Gabriele Ferzetti', 'Monica Vitti', 'Lea Massari', 'Dominique Blanchar']","A woman disappears during a Mediterranean boating trip. During the search, her lover and her best friend become attracted to each other."
49,Breathless,-1960,Not Rated,90 min,"Crime, Drama            ",7.9,"70,623","70,623",Jean-Luc Godard,"['Jean-Paul Belmondo', 'Jean Seberg', 'Daniel Boulanger', 'Henri-Jacques Huet']","A small-time thief steals a car and impulsively murders a motorcycle policeman. Wanted by the authorities, he reunites with a hip American journalism student and attempts to persuade her to run away with him to Italy."
50,Hiroshima Mon Amour,-1959,Not Rated,90 min,"Drama, Romance            ",7.9,"27,218","27,218",Alain Resnais,"['Emmanuelle Riva', 'Eiji Okada', 'Stella Dassas', 'Pierre Barbaud']",A French actress filming an anti-war film in Hiroshima has an affair with a married Japanese architect as they share their differing perspectives on war.
51,The Searchers,-1956,Passed,119 min,"Adventure, Drama, Western            ",7.9,"77,999","77,999",John Ford,"['John Wayne', 'Jeffrey Hunter', 'Vera Miles', 'Ward Bond']",An American Civil War veteran embarks on a journey to rescue his niece from the Comanches.
52,East of Eden,-1955,PG,118 min,Drama            ,7.9,"39,192","39,192",Elia Kazan,"['James Dean', 'Raymond Massey', 'Julie Harris', 'Burl Ives']",A wilful young man contends against his brother for the attention of their religious father while reconnecting with his estranged mother and falling for his brother's girlfriend.
53,High Noon,-1952,PG,85 min,"Drama, Thriller, Western            ",7.9,"95,212","95,212",Fred Zinnemann,"['Gary Cooper', 'Grace Kelly', 'Thomas Mitchell', 'Lloyd Bridges']","A town Marshal, despite the disagreements of his newlywed bride and the townspeople around him, must face a gang of deadly killers alone at high noon when the gang leader, an outlaw he sent up years ago, arrives on the noon train."
54,Harvey,-1950,Approved,104 min,"Comedy, Drama, Fantasy            ",7.9,"51,831","51,831",Henry Koster,"['James Stewart', 'Wallace Ford', 'William H. Lynn', 'Victoria Horne']","Due to his insistence that he has an invisible six foot-tall rabbit for a best friend, a whimsical middle-aged man is thought by his family to be insane - but he may be wiser than anyone knows."
55,Miracle on 34th Street,-1947,Not Rated,96 min,"Comedy, Drama, Family            ",7.9,"38,951","38,951",George Seaton,"['Edmund Gwenn', ""Maureen O'Hara"", 'John Payne', 'Gene Lockhart']","When a nice old man who claims to be Santa Claus is institutionalized as insane, a young lawyer decides to defend him by arguing in court that he is the real thing."
56,Notorious,-1946,Not Rated,102 min,"Drama, Film-Noir, Romance            ",7.9,"89,925","89,925",Alfred Hitchcock,"['Cary Grant', 'Ingrid Bergman', 'Claude Rains', 'Louis Calhern']",A woman is asked to spy on a group of Nazi friends in South America. How far will she have to go to ingratiate herself with them?
57,The Big Sleep,-1946,Not Rated,114 min,"Crime, Film-Noir, Mystery            ",7.9,"77,258","77,258",Howard Hawks,"['Humphrey Bogart', 'Lauren Bacall', 'John Ridgely', 'Martha Vickers']","Private detective Philip Marlowe is hired by a wealthy family. Before the complex case is over, he's seen murder, blackmail, and what might be love."
58,The Lost Weekend,-1945,Not Rated,101 min,"Drama, Film-Noir            ",7.9,"32,630","32,630",Billy Wilder,"['Ray Milland', 'Jane Wyman', 'Phillip Terry', 'Howard Da Silva']",The desperate life of a chronic alcoholic is followed through a four-day drinking bout.
59,The Philadelphia Story,-1940,Not Rated,112 min,"Comedy, Romance            ",7.9,"61,797","61,797",George Cukor,"['Cary Grant', 'Katharine Hepburn', 'James Stewart', 'Ruth Hussey']","When a rich woman's ex-husband and a tabloid-type reporter turn up just before her planned remarriage, she begins to learn the truth about herself."
60,His Girl Friday,-1940,Passed,92 min,"Comedy, Drama, Romance            ",7.9,"51,961","51,961",Howard Hawks,"['Cary Grant', 'Rosalind Russell', 'Ralph Bellamy', 'Gene Lockhart']",A newspaper editor uses every trick in the book to keep his ace reporter ex-wife from remarrying.
61,Stagecoach,-1939,Passed,96 min,"Adventure, Drama, Western            ",7.9,"41,940","41,940",John Ford,"['John Wayne', 'Claire Trevor', 'Andy Devine', 'John Carradine']",A group of people traveling on a stagecoach find their journey complicated by the threat of Geronimo and learn something about each other in the process.
62,Bringing Up Baby,-1938,Passed,102 min,"Comedy, Family, Romance            ",7.9,"53,647","53,647",Howard Hawks,"['Katharine Hepburn', 'Cary Grant', 'Charles Ruggles', 'Walter Catlett']","While trying to secure a $1 million donation for his museum, a befuddled paleontologist is pursued by a flighty and often irritating heiress and her pet leopard, Baby."
63,The Adventures of Robin Hood,-1938,PG,102 min,"Action, Adventure, Romance            ",7.9,"46,070","46,070",Michael Curtiz,"['William Keighley', 'Errol Flynn', 'Olivia de Havilland', 'Basil Rathbone']","When Prince John and the Norman Lords begin oppressing the Saxon masses in King Richard's absence, a Saxon lord fights back as the outlaw leader of a rebel guerrilla army."
64,A Night at the Opera,-1935,Passed,96 min,"Comedy, Music, Musical            ",7.9,"29,899","29,899",Sam Wood,"['Edmund Goulding', 'Groucho Marx', 'Chico Marx', 'Harpo Marx']",A sly business manager and two wacky friends of two opera singers help them achieve success while humiliating their stuffy and snobbish enemies.
65,King Kong,-1933,Passed,100 min,"Adventure, Horror, Sci-Fi            ",7.9,"77,245","77,245",Merian C. Cooper,"['Ernest B. Schoedsack', 'Fay Wray', 'Robert Armstrong', 'Bruce Cabot']",A film crew goes to a tropical island for an exotic location shoot and discovers a colossal ape who takes a shine to their female blonde star. He is then captured and brought back to New York City for public exhibition.
66,Freaks,-1932,Not Rated,64 min,"Drama, Horror            ",7.9,"40,946","40,946",Tod Browning,"['Wallace Ford', 'Leila Hyams', 'Olga Baclanova', 'Roscoe Ates']","A circus' beautiful trapeze artist agrees to marry the leader of side-show performers, but his deformed friends discover she is only marrying him for his inheritance."
67,Nosferatu,-1922,Not Rated,94 min,"Fantasy, Horror            ",7.9,"86,194","86,194",F.W. Murnau,"['Max Schreck', 'Alexander Granach', 'Gustav von Wangenheim', 'Greta Schröder']",Vampire Count Orlok expresses interest in a new residence and real estate agent Hutter's wife.
68,The Salesman,-2016,PG-13,124 min,"Drama, Thriller            ",7.8,"48,131","48,131",Asghar Farhadi,"['Shahab Hosseini', 'Taraneh Alidoosti', 'Mina Sadati', 'Babak Karimi']","While both participating in a production of ""Death of a Salesman,"" a teacher's wife is assaulted in her new home, which leaves him determined to find the perpetrator over his wife's traumatized objections."
69,Perfect Strangers,-2016,,96 min,"Comedy, Drama            ",7.8,"53,925","53,925",Paolo Genovese,"['Giuseppe Battiston', 'Anna Foglietta', 'Marco Giallini', 'Edoardo Leo']","Seven long-time friends get together for a dinner. When they decide to share with each other the content of every text message, email and phone call they receive, many secrets start to unveil and the equilibrium trembles."
70,Hidden Figures,-2016,PG,127 min,"Biography, Drama, History            ",7.8,"1,91,864","1,91,864",Theodore Melfi,"['Taraji P. Henson', 'Octavia Spencer', 'Janelle Monáe', 'Kevin Costner']",The story of a team of female African-American mathematicians who served a vital role in NASA during the early years of the U.S. space program.
71,Paddington 2,-2017,PG,103 min,"Adventure, Comedy, Family            ",7.8,"57,442","57,442",Paul King,"['Ben Whishaw', 'Hugh Grant', 'Hugh Bonneville', 'Sally Hawkins']","Paddington (Ben Whishaw), now happily settled with the Brown family and a popular member of the local community, picks up a series of odd jobs to buy the perfect present for his Aunt Lucy's (Imelda Staunton's) 100th birthday, only for the gift to be stolen."
72,Udta Punjab,-2016,TV-MA,148 min,"Action, Crime, Drama            ",7.8,"25,895","25,895",Abhishek Chaubey,"['Shahid Kapoor', 'Alia Bhatt', 'Kareena Kapoor', 'Diljit Dosanjh']",A story that revolves around drug abuse in the affluent north Indian State of Punjab and how the youth there have succumbed to it en-masse resulting in a socio-economic decline.
73,Kubo and the Two Strings,-2016,PG,101 min,"Animation, Action, Adventure            ",7.8,"1,14,427","1,14,427",Travis Knight,"['Charlize Theron', 'Art Parkinson', 'Matthew McConaughey', 'Ralph Fiennes']",A young boy named Kubo must locate a magical suit of armour worn by his late father in order to defeat a vengeful spirit from the past.
74,Manchester by the Sea,-2016,R,137 min,Drama            ,7.8,"2,36,792","2,36,792",Kenneth Lonergan,"['Casey Affleck', 'Michelle Williams', 'Kyle Chandler', 'Lucas Hedges']",A depressed uncle is asked to take care of his teenage nephew after the boy's father dies.
75,Land of Mine,-2015,R,100 min,"Drama, History, War            ",7.8,"33,409","33,409",Martin Zandvliet,"['Roland Møller', 'Louis Hofmann', 'Joel Basman', 'Mikkel Boe Følsgaard']","In post-World War II Denmark, a group of young German POWs are forced to clear a beach of thousands of land mines under the watch of a Danish Sergeant who slowly learns to appreciate their plight."
76,Rogue One: A Star Wars Story,-2016,PG-13,133 min,"Action, Adventure, Sci-Fi            ",7.8,"5,35,770","5,35,770",Gareth Edwards,"['Felicity Jones', 'Diego Luna', 'Alan Tudyk', 'Donnie Yen']",The daughter of an Imperial scientist joins the Rebel Alliance in a risky move to steal the Death Star plans.
77,Captain America: Civil War,-2016,PG-13,147 min,"Action, Adventure, Sci-Fi            ",7.8,"6,40,486","6,40,486",Anthony Russo,"['Joe Russo', 'Chris Evans', 'Robert Downey Jr.', 'Scarlett Johansson']",Political involvement in the Avengers' affairs causes a rift between Captain America and Iron Man.
78,The Hateful Eight,-2015,R,168 min,"Crime, Drama, Mystery            ",7.8,"4,95,581","4,95,581",Quentin Tarantino,"['Samuel L. Jackson', 'Kurt Russell', 'Jennifer Jason Leigh', 'Walton Goggins']","In the dead of a Wyoming winter, a bounty hunter and his prisoner find shelter in a cabin currently inhabited by a collection of nefarious characters."
79,Loving Vincent,-2017,PG-13,94 min,"Animation, Biography, Crime            ",7.8,"47,782","47,782",Dorota Kobiela,"['Hugh Welchman', 'Douglas Booth', 'Jerome Flynn', 'Robert Gulaczyk']","In a story depicted in oil painted animation, a young man comes to the last hometown of painter Vincent van Gogh (Robert Gulaczyk) to deliver the troubled artist's final letter and ends up investigating his final days there."
80,Pride,(I) (2014),R,119 min,"Biography, Comedy, Drama            ",7.8,"50,263","50,263",Matthew Warchus,"['Bill Nighy', 'Imelda Staunton', 'Dominic West', 'Paddy Considine']",U.K. gay activists work to help miners during their lengthy strike of the National Union of Mineworkers in the summer of 1984.
81,The Past,-2013,PG-13,130 min,"Drama, Mystery            ",7.8,"43,919","43,919",Asghar Farhadi,"['Bérénice Bejo', 'Tahar Rahim', 'Ali Mosaffa', 'Pauline Burlet']","An Iranian man deserts his French wife and her two children to return to his homeland. Meanwhile, his wife starts up a new relationship, a reality her husband confronts upon his wife's request for a divorce."
82,The Great Beauty,-2013,Not Rated,141 min,Drama            ,7.8,"78,303","78,303",Paolo Sorrentino,"['Toni Servillo', 'Carlo Verdone', 'Sabrina Ferilli', 'Carlo Buccirosso']","Jep Gambardella has seduced his way through the lavish nightlife of Rome for decades, but after his 65th birthday and a shock from the past, Jep looks past the nightclubs and parties to find a timeless landscape of absurd, exquisite beauty."
83,The Lunchbox,-2013,PG,104 min,"Drama, Romance            ",7.8,"48,411","48,411",Ritesh Batra,"['Irrfan Khan', 'Nimrat Kaur', 'Nawazuddin Siddiqui', 'Lillete Dubey']",A mistaken delivery in Mumbai's famously efficient lunchbox delivery system connects a young housewife to an older man in the dusk of his life as they build a fantasy world together through notes in the lunchbox.
84,Vicky Donor,-2012,Not Rated,126 min,"Comedy, Romance            ",7.8,"38,511","38,511",Shoojit Sircar,"['Ayushmann Khurrana', 'Yami Gautam', 'Annu Kapoor', 'Dolly Ahluwalia']","A man is brought in by an infertility doctor to supply him with his sperm, where he becomes the biggest sperm donor for his clinic."
85,Big Hero 6,-2014,PG,102 min,"Animation, Action, Adventure            ",7.8,"3,99,025","3,99,025",Don Hall,"['Chris Williams', 'Ryan Potter', 'Scott Adsit', 'Jamie Chung']","The special bond that develops between plus-sized inflatable robot Baymax, and prodigy Hiro Hamada, who team up with a group of friends to form a band of high-tech heroes."
86,About Time,(I) (2013),R,123 min,"Comedy, Drama, Fantasy            ",7.8,"2,88,097","2,88,097",Richard Curtis,"['Domhnall Gleeson', 'Rachel McAdams', 'Bill Nighy', 'Lydia Wilson']","At the age of 21, Tim discovers he can travel in time and change what happens and has happened in his own life. His decision to make his world a better place by getting a girlfriend turns out not to be as easy as you might think."
87,English Vinglish,-2012,Not Rated,134 min,"Comedy, Drama, Family            ",7.8,"32,537","32,537",Gauri Shinde,"['Sridevi', 'Adil Hussain', 'Mehdi Nebbou', 'Priya Anand']","A quiet, sweet tempered housewife endures small slights from her well-educated husband and daughter every day because of her inability to speak and understand English."
88,The Broken Circle Breakdown,-2012,Not Rated,111 min,"Drama, Music, Romance            ",7.8,"38,496","38,496",Felix van Groeningen,"['Veerle Baetens', 'Johan Heldenbergh', 'Nell Cattrysse', 'Geert Van Rampelberg']","Elise and Didier fall in love at first sight, in spite of their differences. He talks, she listens. He's a romantic atheist, she's a religious realist. When their daughter becomes seriously ill, their love is put on trial."
89,The Wind Rises,-2013,PG-13,126 min,"Animation, Biography, Drama            ",7.8,"69,315","69,315",Hayao Miyazaki,"['Hideaki Anno', 'Hidetoshi Nishijima', 'Miori Takimoto', 'Masahiko Nishimura']","A look at the life of Jiro Horikoshi, the man who designed Japanese fighter planes during World War II."
90,Toy Story 4,-2019,G,100 min,"Animation, Adventure, Comedy            ",7.8,"1,86,099","1,86,099",Josh Cooley,"['Tom Hanks', 'Tim Allen', 'Annie Potts', 'Tony Hale']","When a new toy called ""Forky"" joins Woody and the gang, a road trip alongside old and new friends reveals how big the world can be for a toy."
91,The Best Offer,-2013,R,131 min,"Crime, Drama, Mystery            ",7.8,"1,04,618","1,04,618",Giuseppe Tornatore,"['Geoffrey Rush', 'Jim Sturgess', 'Sylvia Hoeks', 'Donald Sutherland']",A lonely art expert working for a mysterious and reclusive heiress finds not only her art worth examining.
92,Moonrise Kingdom,-2012,PG-13,94 min,"Comedy, Drama, Romance            ",7.8,"3,10,071","3,10,071",Wes Anderson,"['Jared Gilman', 'Kara Hayward', 'Bruce Willis', 'Bill Murray']","A pair of young lovers flee their New England town, which causes a local search party to fan out to find them."
93,How to Train Your Dragon 2,-2014,PG,102 min,"Animation, Action, Adventure            ",7.8,"2,97,150","2,97,150",Dean DeBlois,"['Jay Baruchel', 'Cate Blanchett', 'Gerard Butler', 'Craig Ferguson']","When Hiccup and Toothless discover an ice cave that is home to hundreds of new wild dragons and the mysterious Dragon Rider, the two friends find themselves at the center of a battle to protect the peace."
94,The Big Short,-2015,R,130 min,"Biography, Comedy, Drama            ",7.8,"3,46,077","3,46,077",Adam McKay,"['Christian Bale', 'Steve Carell', 'Ryan Gosling', 'Brad Pitt']",In 2006-2007 a group of investors bet against the US mortgage market. In their research they discover how flawed and corrupt the market is.
95,Kokuhaku,-2010,Not Rated,106 min,"Drama, Thriller            ",7.8,"34,647","34,647",Tetsuya Nakashima,"['Takako Matsu', 'Yoshino Kimura', 'Masaki Okada', 'Yukito Nishii']",A psychological thriller of a grieving mother turned cold-blooded avenger with a twisty master plan to pay back those who were responsible for her daughter's death.
96,I Saw the Devil,-2010,Not Rated,144 min,"Action, Crime, Drama            ",7.8,"1,05,095","1,05,095",Jee-woon Kim,"['Byung-hun Lee', 'Min-sik Choi', 'Joon-hyuk Lee', 'Gook-hwan Jeon']",A secret agent exacts revenge on a serial killer through a series of captures and releases.
97,The Girl with the Dragon Tattoo,-2011,R,158 min,"Crime, Drama, Mystery            ",7.8,"4,09,850","4,09,850",David Fincher,"['Daniel Craig', 'Rooney Mara', 'Christopher Plummer', 'Stellan Skarsgård']","Journalist Mikael Blomkvist is aided in his search for a woman who has been missing for forty years by Lisbeth Salander, a young computer hacker."
98,Captain Phillips,-2013,PG-13,134 min,"Biography, Crime, Drama            ",7.8,"4,10,186","4,10,186",Paul Greengrass,"['Tom Hanks', 'Barkhad Abdi', 'Barkhad Abdirahman', 'Catherine Keener']","The true story of Captain Richard Phillips and the 2009 hijacking by Somali pirates of the U.S.-flagged MV Maersk Alabama, the first American cargo ship to be hijacked in two hundred years."
99,The Man from Nowhere,-2010,R,119 min,"Action, Drama, Thriller            ",7.8,"60,438","60,438",Jeong-beom Lee,"['Won Bin', 'Sae-ron Kim', 'Tae-hoon Kim', 'Hee-won Kim']",A quiet pawnshop keeper with a violent past takes on a drug-and-organ trafficking ring in hope of saving the child who is his only friend.
100,Straight Outta Compton,-2015,R,147 min,"Biography, Drama, History            ",7.8,"1,75,410","1,75,410",F. Gary Gray,"[""O'Shea Jackson Jr."", 'Corey Hawkins', 'Jason Mitchell', 'Neil Brown Jr.']","The rap group NWA emerges from the mean streets of Compton in Los Angeles, California, in the mid-1980s and revolutionizes Hip Hop culture with their music and tales about life in the hood."
101,Mother,-2009,R,129 min,"Crime, Drama, Thriller            ",7.8,"48,159","48,159",Bong Joon Ho,"['Hye-ja Kim', 'Won Bin', 'Goo Jin', 'Je-mun Yun']",A mother desperately searches for the killer who framed her son for a girl's horrific murder.
102,The Hobbit: The Desolation of Smaug,-2013,PG-13,161 min,"Adventure, Fantasy            ",7.8,"5,89,112","5,89,112",Peter Jackson,"['Ian McKellen', 'Martin Freeman', 'Richard Armitage', 'Ken Stott']","The dwarves, along with Bilbo Baggins and Gandalf the Grey, continue their quest to reclaim Erebor, their homeland, from Smaug. Bilbo Baggins is in possession of a mysterious and magical ring."
103,The White Ribbon,-2009,R,144 min,"Drama, History, Mystery            ",7.8,"67,040","67,040",Michael Haneke,"['Christian Friedel', 'Ernst Jacobi', 'Leonie Benesch', 'Ulrich Tukur']","Strange events happen in a small village in the north of Germany during the years before World War I, which seem to be ritual punishment. Who is responsible?"
104,The Girl with the Dragon Tattoo,-2009,R,152 min,"Crime, Drama, Mystery            ",7.8,"2,05,517","2,05,517",Niels Arden Oplev,"['Michael Nyqvist', 'Noomi Rapace', 'Ewa Fröling', 'Lena Endre']",A journalist is aided by a young female hacker in his search for the killer of a woman who has been dead for forty years.
105,The Fighter,(I) (2010),R,116 min,"Biography, Drama, Sport            ",7.8,"3,32,824","3,32,824",David O. Russell,"['Mark Wahlberg', 'Christian Bale', 'Amy Adams', 'Melissa Leo']","Based on the story of Micky Ward, a fledgling boxer who tries to escape the shadow of his more famous but troubled older boxing brother and get his own shot at greatness."
106,Taken,(I) (2008),PG-13,90 min,"Action, Thriller            ",7.8,"5,56,551","5,56,551",Pierre Morel,"['Liam Neeson', 'Maggie Grace', 'Famke Janssen', 'Leland Orser']","A retired CIA agent travels across Europe and relies on his old skills to save his estranged daughter, who has been kidnapped while on a trip to Paris."
107,The Boy in the Striped Pajamas,-2008,PG-13,94 min,"Drama, War            ",7.8,"1,84,917","1,84,917",Mark Herman,"['Asa Butterfield', 'David Thewlis', 'Rupert Friend', ""Zac Mattoon O'Brien""]","Through the innocent eyes of Bruno, the eight-year-old son of the commandant at a German concentration camp, a forbidden friendship with a Jewish boy on the other side of the camp fence has startling and unexpected consequences."
108,Once,(I) (2007),R,86 min,"Drama, Music, Romance            ",7.8,"1,08,789","1,08,789",John Carney,"['Glen Hansard', 'Markéta Irglová', 'Hugh Walsh', 'Gerard Hendrick']","A modern-day musical about a busker and an immigrant and their eventful week in Dublin, as they write, rehearse and record songs that tell their love story."
109,The Hobbit: An Unexpected Journey,-2012,PG-13,169 min,"Adventure, Family, Fantasy            ",7.8,"7,44,219","7,44,219",Peter Jackson,"['Martin Freeman', 'Ian McKellen', 'Richard Armitage', 'Andy Serkis']","A reluctant Hobbit, Bilbo Baggins, sets out to the Lonely Mountain with a spirited group of dwarves to reclaim their mountain home, and the gold within it from the dragon Smaug."
110,The Edge of Heaven,-2007,Not Rated,122 min,Drama            ,7.8,"30,217","30,217",Fatih Akin,"['Baki Davrak', 'Nurgül Yesilçay', 'Tuncel Kurtiz', 'Nursel Köse']",A Turkish man travels to Istanbul to find the daughter of his father's former girlfriend.
111,The Girl Who Leapt Through Time,-2006,TV-PG,98 min,"Animation, Adventure, Comedy            ",7.8,"58,152","58,152",Mamoru Hosoda,"['Riisa Naka', 'Takuya Ishida', 'Mitsutaka Itakura', 'Ayami Kakiuchi']","A high-school girl named Makoto acquires the power to travel back in time, and decides to use it for her own personal benefits. Little does she know that she is affecting the lives of others just as much as she is her own."
112,Atonement,-2007,R,123 min,"Drama, Mystery, Romance            ",7.8,"2,42,282","2,42,282",Joe Wright,"['Keira Knightley', 'James McAvoy', 'Brenda Blethyn', 'Saoirse Ronan']",Thirteen-year-old fledgling writer Briony Tallis irrevocably changes the course of several lives when she accuses her older sister's lover of a crime he did not commit.
113,Drive,(I) (2011),R,100 min,"Crime, Drama            ",7.8,"5,55,900","5,55,900",Nicolas Winding Refn,"['Ryan Gosling', 'Carey Mulligan', 'Bryan Cranston', 'Albert Brooks']",A mysterious Hollywood stuntman and mechanic moonlights as a getaway driver and finds himself in trouble when he helps out his neighbor in this action drama.
114,American Gangster,-2007,R,157 min,"Biography, Crime, Drama            ",7.8,"3,82,456","3,82,456",Ridley Scott,"['Denzel Washington', 'Russell Crowe', 'Chiwetel Ejiofor', 'Josh Brolin']","An outcast New York City cop is charged with bringing down Harlem drug lord Frank Lucas, whose real life inspired this partly biographical film."
115,Avatar,-2009,PG-13,162 min,"Action, Adventure, Fantasy            ",7.8,"10,97,727","10,97,727",James Cameron,"['Sam Worthington', 'Zoe Saldana', 'Sigourney Weaver', 'Michelle Rodriguez']",A paraplegic Marine dispatched to the moon Pandora on a unique mission becomes torn between following his orders and protecting the world he feels is his home.
116,Mr. Nobody,-2009,R,141 min,"Drama, Fantasy, Romance            ",7.8,"2,10,792","2,10,792",Jaco Van Dormael,"['Jared Leto', 'Sarah Polley', 'Diane Kruger', 'Linh Dan Pham']","A boy stands on a station platform as a train is about to leave. Should he go with his mother or stay with his father? Infinite possibilities arise from this decision. As long as he doesn't choose, anything is possible."
117,Apocalypto,-2006,R,139 min,"Action, Adventure, Drama            ",7.8,"2,84,969","2,84,969",Mel Gibson,"['Gerardo Taracena', 'Raoul Max Trujillo', 'Dalia Hernández', 'Rudy Youngblood']","As the Mayan kingdom faces its decline, a young man is taken on a perilous journey to a world ruled by fear and oppression."
118,Little Miss Sunshine,-2006,R,101 min,"Comedy, Drama            ",7.8,"4,29,978","4,29,978",Jonathan Dayton,"['Valerie Faris', 'Steve Carell', 'Toni Collette', 'Greg Kinnear']",A family determined to get their young daughter into the finals of a beauty pageant take a cross-country trip in their VW bus.
119,Hot Fuzz,-2007,R,121 min,"Action, Comedy, Mystery            ",7.8,"4,51,645","4,51,645",Edgar Wright,"['Simon Pegg', 'Nick Frost', 'Martin Freeman', 'Bill Nighy']",A skilled London police officer is transferred to a small town with a dark secret.
120,The Curious Case of Benjamin Button,-2008,PG-13,166 min,"Drama, Fantasy, Romance            ",7.8,"5,73,387","5,73,387",David Fincher,"['Brad Pitt', 'Cate Blanchett', 'Tilda Swinton', 'Julia Ormond']","Tells the story of Benjamin Button, a man who starts aging backwards with consequences."
121,Veer-Zaara,-2004,Not Rated,192 min,"Drama, Family, Musical            ",7.8,"47,634","47,634",Yash Chopra,"['Shah Rukh Khan', 'Preity Zinta', 'Rani Mukerji', 'Kiron Kher']","Veer-Zaara is a saga of love, separation, courage and sacrifice. A love story that is an inspiration and will remain a legend forever."
122,Adam's Apples,-2005,R,94 min,"Comedy, Crime, Drama            ",7.8,"44,298","44,298",Anders Thomas Jensen,"['Ulrich Thomsen', 'Mads Mikkelsen', 'Nicolas Bro', 'Paprika Steen']",A neo-nazi sentenced to community service at a church clashes with the blindly devotional priest.
123,Pride & Prejudice,-2005,PG,129 min,"Drama, Romance            ",7.8,"2,45,460","2,45,460",Joe Wright,"['Keira Knightley', 'Matthew Macfadyen', 'Brenda Blethyn', 'Donald Sutherland']","Sparks fly when spirited Elizabeth Bennet meets single, rich, and proud Mr. Darcy. But Mr. Darcy reluctantly finds himself falling in love with a woman beneath his class. Can each overcome their own pride and prejudice?"
124,The World's Fastest Indian,-2005,PG-13,127 min,"Biography, Drama, Sport            ",7.8,"51,026","51,026",Roger Donaldson,"['Anthony Hopkins', 'Diane Ladd', 'Iain Rea', 'Tessa Mitchell']","The story of New Zealander Burt Munro, who spent years rebuilding a 1920 Indian motorcycle, which helped him set the land speed world record at Utah's Bonneville Salt Flats in 1967."
125,Tokyo Godfathers,-2003,PG-13,92 min,"Animation, Adventure, Comedy            ",7.8,"29,503","29,503",Satoshi Kon,"['Shôgo Furuya', 'Tôru Emori', 'Yoshiaki Umegaki', 'Aya Okamoto']","On Christmas Eve, three homeless people living on the streets of Tokyo discover a newborn baby among the trash and set out to find its parents."
126,Serenity,-2005,PG-13,119 min,"Action, Adventure, Sci-Fi            ",7.8,"2,79,109","2,79,109",Joss Whedon,"['Nathan Fillion', 'Gina Torres', 'Chiwetel Ejiofor', 'Alan Tudyk']",The crew of the ship Serenity try to evade an assassin sent to recapture one of their members who is telepathic.
127,Walk the Line,-2005,PG-13,136 min,"Biography, Drama, Music            ",7.8,"2,28,413","2,28,413",James Mangold,"['Joaquin Phoenix', 'Reese Witherspoon', 'Ginnifer Goodwin', 'Robert Patrick']","A chronicle of country music legend Johnny Cash's life, from his early days on an Arkansas cotton farm to his rise to fame with Sun Records in Memphis, where he recorded alongside Elvis Presley, Jerry Lee Lewis, and Carl Perkins."
128,Evil,-2003,Not Rated,113 min,Drama            ,7.8,"35,006","35,006",Mikael Håfström,"['Andreas Wilson', 'Henrik Lundström', 'Gustaf Skarsgård', 'Linda Zilliacus']","A teenage boy expelled from school for fighting arrives at a boarding school where the systematic bullying of younger students is encouraged as a means to maintain discipline, and decides to fight back."
129,The Notebook,-2004,PG-13,123 min,"Drama, Romance            ",7.8,"5,05,110","5,05,110",Nick Cassavetes,"['Gena Rowlands', 'James Garner', 'Rachel McAdams', 'Ryan Gosling']","A poor yet passionate young man falls in love with a rich young woman, giving her a sense of freedom, but they are soon separated because of their social differences."
130,The Motorcycle Diaries,-2004,R,126 min,"Adventure, Biography, Drama            ",7.8,"95,070","95,070",Walter Salles,"['Gael García Bernal', 'Rodrigo De la Serna', 'Mía Maestro', 'Mercedes Morán']",The dramatization of a motorcycle road trip Che Guevara went on in his youth that showed him his life's calling.
131,Lilya 4-Ever,-2002,R,109 min,"Crime, Drama            ",7.8,"41,628","41,628",Lukas Moodysson,"['Oksana Akinshina', 'Artyom Bogucharskiy', 'Pavel Ponomaryov', 'Lyubov Agapova']","Sixteen-year-old Lilja and her only friend, the young boy Volodja, live in Russia, fantasizing about a better life. One day, Lilja falls in love with Andrej, who is going to Sweden, and invites Lilja to come along and start a new life."
132,The Triplets of Belleville,-2003,PG-13,80 min,"Animation, Comedy, Drama            ",7.8,"49,808","49,808",Sylvain Chomet,"['Michèle Caucheteux', 'Jean-Claude Donda', 'Michel Robin', 'Monica Viegas']","When her grandson is kidnapped during the Tour de France, Madame Souza and her beloved pooch Bruno team up with the Belleville Sisters--an aged song-and-dance team from the days of Fred Astaire--to rescue him."
133,Joint Security Area,-2000,Not Rated,110 min,"Action, Drama, Thriller            ",7.8,"25,401","25,401",Chan-wook Park,"['Yeong-ae Lee', 'Byung-hun Lee', 'Kang-ho Song', 'Tae-woo Kim']","After a shooting incident at the North/South Korean border/DMZ leaves 2 North Korean soldiers dead, a neutral Swiss/Swedish team investigates, what actually happened."
134,The Count of Monte Cristo,-2002,PG-13,131 min,"Action, Adventure, Drama            ",7.8,"1,26,364","1,26,364",Kevin Reynolds,"['Jim Caviezel', 'Guy Pearce', 'Christopher Adamson', 'JB Blanc']","A young man, falsely imprisoned by his jealous ""friend"", escapes and uses a hidden treasure to exact his revenge."
135,Waking Life,-2001,R,99 min,"Animation, Drama, Fantasy            ",7.8,"59,688","59,688",Richard Linklater,"['Ethan Hawke', 'Trevor Jack Brooks', 'Lorelei Linklater', 'Wiley Wiggins']",A man shuffles through a dream meeting various people and discussing the meanings and purposes of the universe.
136,Remember the Titans,-2000,PG,113 min,"Biography, Drama, Sport            ",7.8,"1,93,497","1,93,497",Boaz Yakin,"['Denzel Washington', 'Will Patton', 'Wood Harris', 'Ryan Hurst']",The true story of a newly appointed African-American coach and his high school team on their first season as a racially integrated unit.
137,"Crouching Tiger, Hidden Dragon",-2000,PG-13,120 min,"Action, Adventure, Fantasy            ",7.8,"2,48,795","2,48,795",Ang Lee,"['Yun-Fat Chow', 'Michelle Yeoh', 'Ziyi Zhang', 'Chen Chang']",A young Chinese warrior steals a sword from a famed swordsman and then escapes into a world of romantic adventure with a mysterious man in the frontier of the nation.
138,All About My Mother,-1999,R,101 min,Drama            ,7.8,"86,583","86,583",Pedro Almodóvar,"['Cecilia Roth', 'Marisa Paredes', 'Candela Peña', 'Antonia San Juan']","Young Esteban wants to become a writer and also to discover the identity of his second mother, a trans woman, carefully concealed by his mother Manuela."
139,Cast Away,-2000,PG-13,143 min,"Adventure, Drama, Romance            ",7.8,"5,07,924","5,07,924",Robert Zemeckis,"['Tom Hanks', 'Helen Hunt', 'Paul Sanchez', 'Lari White']",A FedEx executive undergoes a physical and emotional transformation after crash landing on a deserted island.
140,The Boondock Saints,-1999,R,108 min,"Action, Crime, Thriller            ",7.8,"2,24,106","2,24,106",Troy Duffy,"['Willem Dafoe', 'Sean Patrick Flanery', 'Norman Reedus', 'David Della Rocco']",Two Irish Catholic brothers become vigilantes and wipe out Boston's criminal underworld in the name of God.
141,The Insider,-1999,R,157 min,"Biography, Drama, Thriller            ",7.8,"1,56,442","1,56,442",Michael Mann,"['Russell Crowe', 'Al Pacino', 'Christopher Plummer', 'Diane Venora']",A research chemist comes under personal and professional attack when he decides to appear in a 60 Minutes exposé on Big Tobacco.
142,October Sky,-1999,PG,108 min,"Biography, Drama, Family            ",7.8,"79,897","79,897",Joe Johnston,"['Jake Gyllenhaal', 'Chris Cooper', 'Laura Dern', 'Chris Owen']","The true story of Homer Hickam, a coal miner's son who was inspired by the first Sputnik launch to take up rocketry against his father's wishes."
143,Shrek,-2001,PG,90 min,"Animation, Adventure, Comedy            ",7.8,"5,97,649","5,97,649",Andrew Adamson,"['Vicky Jenson', 'Mike Myers', 'Eddie Murphy', 'Cameron Diaz']","A mean lord exiles fairytale creatures to the swamp of a grumpy ogre, who must go on a quest and rescue a princess for the lord in order to get his land back."
144,Open Your Eyes,-1997,R,117 min,"Drama, Mystery, Sci-Fi            ",7.8,"62,599","62,599",Alejandro Amenábar,"['Eduardo Noriega', 'Penélope Cruz', 'Chete Lera', 'Fele Martínez']","A very handsome man finds the love of his life, but he suffers an accident and needs to have his face rebuilt by surgery after it is severely disfigured."
145,Titanic,-1997,PG-13,194 min,"Drama, Romance            ",7.8,"10,19,353","10,19,353",James Cameron,"['Leonardo DiCaprio', 'Kate Winslet', 'Billy Zane', 'Kathy Bates']","A seventeen-year-old aristocrat falls in love with a kind but poor artist aboard the luxurious, ill-fated R.M.S. Titanic."
146,Fireworks,-1997,,103 min,"Crime, Drama, Romance            ",7.8,"26,806","26,806",Takeshi Kitano,"['Takeshi Kitano', 'Kayoko Kishimoto', 'Ren Osugi', 'Susumu Terajima']","Nishi leaves the police in the face of harrowing personal and professional difficulties. Spiraling into depression, he makes questionable decisions."
147,Gattaca,-1997,PG-13,106 min,"Drama, Sci-Fi, Thriller            ",7.8,"2,74,640","2,74,640",Andrew Niccol,"['Ethan Hawke', 'Uma Thurman', 'Jude Law', 'Gore Vidal']",A genetically inferior man assumes the identity of a superior one in order to pursue his lifelong dream of space travel.
148,The Game,-1997,R,129 min,"Drama, Mystery, Thriller            ",7.8,"3,34,928","3,34,928",David Fincher,"['Michael Douglas', 'Deborah Kara Unger', 'Sean Penn', 'James Rebhorn']","After a wealthy banker is given an opportunity to participate in a mysterious game, his life is turned upside down when he becomes unable to distinguish between the game and reality."
149,Breaking the Waves,-1996,R,159 min,Drama            ,7.8,"60,845","60,845",Lars von Trier,"['Emily Watson', 'Stellan Skarsgård', 'Katrin Cartlidge', 'Jean-Marc Barr']","Oilman Jan is paralyzed in an accident. His wife, who prayed for his return, feels guilty; even more, when Jan urges her to have sex with another."
150,Ed Wood,-1994,R,127 min,"Biography, Comedy, Drama            ",7.8,"1,62,549","1,62,549",Tim Burton,"['Johnny Depp', 'Martin Landau', 'Sarah Jessica Parker', 'Patricia Arquette']","Ambitious but troubled movie director Edward D. Wood Jr. tries his best to fulfill his dreams, despite his lack of talent."
151,What's Eating Gilbert Grape,-1993,PG-13,118 min,Drama            ,7.8,"2,09,276","2,09,276",Lasse Hallström,"['Johnny Depp', 'Leonardo DiCaprio', 'Juliette Lewis', 'Mary Steenburgen']",A young man in a small Midwestern town struggles to care for his mentally-disabled younger brother and morbidly obese mother while attempting to pursue his own happiness.
152,Tombstone,-1993,R,130 min,"Action, Biography, Drama            ",7.8,"1,22,409","1,22,409",George P. Cosmatos,"['Kevin Jarre', 'Kurt Russell', 'Val Kilmer', 'Sam Elliott']","A successful lawman's plans to retire anonymously in Tombstone, Arizona are disrupted by the kind of outlaws he was famous for eliminating."
153,The Sandlot,-1993,PG,101 min,"Comedy, Drama, Family            ",7.8,"76,681","76,681",David Mickey Evans,"['Tom Guiry', 'Mike Vitar', 'Art LaFleur', 'Patrick Renna']","In the summer of 1962, a new kid in town is taken under the wing of a young baseball prodigy and his rowdy team, resulting in many adventures."
154,The Remains of the Day,-1993,PG,134 min,"Drama, Romance            ",7.8,"63,594","63,594",James Ivory,"['Anthony Hopkins', 'Emma Thompson', 'John Haycraft', 'Christopher Reeve']",A butler who sacrificed body and soul to service in the years leading up to World War II realizes too late how misguided his loyalty was to his lordly employer.
155,Naked,-1993,Not Rated,132 min,"Comedy, Drama            ",7.8,"33,042","33,042",Mike Leigh,"['David Thewlis', 'Lesley Sharp', 'Katrin Cartlidge', 'Greg Cruttwell']","Parallel tales of two sexually obsessed men, one hurting and annoying women physically and mentally, one wandering around the city talking to strangers and experiencing dimensions of life."
156,The Fugitive,-1993,PG-13,130 min,"Action, Crime, Drama            ",7.8,"2,60,749","2,60,749",Andrew Davis,"['Harrison Ford', 'Tommy Lee Jones', 'Sela Ward', 'Julianne Moore']","Dr. Richard Kimble, unjustly accused of murdering his wife, must find the real killer while being the target of a nationwide manhunt led by a seasoned U.S. Marshal."
157,A Bronx Tale,-1993,R,121 min,"Crime, Drama, Romance            ",7.8,"1,24,382","1,24,382",Robert De Niro,"['Robert De Niro', 'Chazz Palminteri', 'Lillo Brancato', 'Francis Capra']",A father becomes worried when a local gangster befriends his son in the Bronx in the 1960s.
158,Batman: Mask of the Phantasm,-1993,PG,76 min,"Animation, Action, Crime            ",7.8,"41,888","41,888",Kevin Altieri,"['Boyd Kirkland', 'Frank Paur', 'Dan Riba', 'Eric Radomski']",Batman is wrongly implicated in a series of murders of mob bosses actually done by a new vigilante assassin.
159,Hard Boiled,-1992,R,128 min,"Action, Crime, Thriller            ",7.8,"45,717","45,717",John Woo,"['Yun-Fat Chow', 'Tony Chiu-Wai Leung', 'Teresa Mo', 'Philip Chan']",A tough-as-nails cop teams up with an undercover agent to shut down a sinister mobster and his crew.
160,Night on Earth,-1991,R,129 min,"Comedy, Drama            ",7.8,"53,754","53,754",Jim Jarmusch,"['Winona Ryder', 'Gena Rowlands', 'Lisanne Falk', 'Alan Randolph Scott']",An anthology of 5 different cab drivers in 5 American and European cities and their remarkable fares on the same eventful night.
161,The Double Life of Véronique,-1991,R,98 min,"Drama, Fantasy, Music            ",7.8,"40,093","40,093",Krzysztof Kieslowski,"['Irène Jacob', 'Wladyslaw Kowalski', 'Halina Gryglaszewska', 'Kalina Jedrusik']","Two parallel stories about two identical women; one living in Poland, the other in France. They don't know each other, but their lives are nevertheless profoundly connected."
162,Misery,-1990,R,107 min,"Drama, Thriller            ",7.8,"1,78,130","1,78,130",Rob Reiner,"['James Caan', 'Kathy Bates', 'Richard Farnsworth', 'Frances Sternhagen']","After a famous author is rescued from a car crash by a fan of his novels, he comes to realize that the care he is receiving is only the beginning of a nightmare of captivity and abuse."
163,Awakenings,-1990,PG-13,121 min,"Biography, Drama            ",7.8,"1,19,975","1,19,975",Penny Marshall,"['Robert De Niro', 'Robin Williams', 'Julie Kavner', 'Ruth Nelson']","The victims of an encephalitis epidemic many years ago have been catatonic ever since, but now a new drug offers the prospect of reviving them."
164,Kiki's Delivery Service,-1989,G,103 min,"Animation, Adventure, Drama            ",7.8,"1,16,542","1,16,542",Hayao Miyazaki,"['Kirsten Dunst', 'Minami Takayama', 'Rei Sakuma', 'Kappei Yamaguchi']","A young witch, on her mandatory year of independent life, finds fitting into a new community difficult while she supports herself by running an air courier service."
165,Glory,-1989,R,122 min,"Biography, Drama, History            ",7.8,"1,18,292","1,18,292",Edward Zwick,"['Matthew Broderick', 'Denzel Washington', 'Cary Elwes', 'Morgan Freeman']","Robert Gould Shaw leads the U.S. Civil War's first all-black volunteer company, fighting prejudices from both his own Union Army, and the Confederates."
166,The Killer,-1989,R,111 min,"Action, Crime, Drama            ",7.8,"44,820","44,820",John Woo,"['Yun-Fat Chow', 'Danny Lee', 'Sally Yeh', 'Kong Chu']","A disillusioned assassin accepts one last hit in hopes of using his earnings to restore vision to a singer he accidentally blinded, only to be double-crossed by his boss."
167,Back to the Future Part II,-1989,PG,108 min,"Adventure, Comedy, Sci-Fi            ",7.8,"4,64,417","4,64,417",Robert Zemeckis,"['Michael J. Fox', 'Christopher Lloyd', 'Lea Thompson', 'Thomas F. Wilson']","After visiting 2015, Marty McFly must repeat his visit to 1955 to prevent disastrous changes to 1985...without interfering with his first trip."
168,Mississippi Burning,-1988,R,128 min,"Crime, Drama, History            ",7.8,"84,909","84,909",Alan Parker,"['Gene Hackman', 'Willem Dafoe', 'Frances McDormand', 'Brad Dourif']",Two F.B.I. Agents with wildly different styles arrive in Mississippi to investigate the disappearance of some civil rights activists.
169,Predator,-1987,R,107 min,"Action, Adventure, Sci-Fi            ",7.8,"3,63,175","3,63,175",John McTiernan,"['Arnold Schwarzenegger', 'Carl Weathers', 'Kevin Peter Hall', 'Elpidia Carrillo']",A team of commandos on a mission in a Central American jungle find themselves hunted by an extraterrestrial warrior.
170,Evil Dead II,-1987,R,84 min,"Action, Comedy, Fantasy            ",7.8,"1,44,053","1,44,053",Sam Raimi,"['Bruce Campbell', 'Sarah Berry', 'Dan Hicks', 'Kassie Wesley DePaiva']",The lone survivor of an onslaught of flesh-possessing spirits holes up in a cabin with a group of strangers while the demons continue their attack.
171,Ferris Bueller's Day Off,-1986,PG-13,103 min,Comedy            ,7.8,"3,12,138","3,12,138",John Hughes,"['Matthew Broderick', 'Alan Ruck', 'Mia Sara', 'Jeffrey Jones']","A high school wise guy is determined to have a day off from school, despite what the Principal thinks of that."
172,Down by Law,-1986,R,107 min,"Comedy, Crime, Drama            ",7.8,"46,643","46,643",Jim Jarmusch,"['Tom Waits', 'John Lurie', 'Roberto Benigni', 'Nicoletta Braschi']","Two innocent people are arrested. An interesting third person, with broken English, joins them in their cell. On his idea, they decide to escape from the prison. Their journey is the rest of the movie."
173,Blue Velvet,-1986,R,120 min,"Drama, Mystery, Thriller            ",7.8,"1,75,352","1,75,352",David Lynch,"['Isabella Rossellini', 'Kyle MacLachlan', 'Dennis Hopper', 'Laura Dern']","The discovery of a severed human ear found in a field leads a young man on an investigation related to a beautiful, mysterious nightclub singer and a group of psychopathic criminals who have kidnapped her child."
174,The Goonies,-1985,PG,114 min,"Adventure, Comedy, Family            ",7.8,"2,35,270","2,35,270",Richard Donner,"['Sean Astin', 'Josh Brolin', 'Jeff Cohen', 'Corey Feldman']",A group of young misfits called The Goonies discover an ancient map and set out on an adventure to find a legendary pirate's long-lost treasure.
175,The Color Purple,-1985,PG-13,154 min,Drama            ,7.8,"76,022","76,022",Steven Spielberg,"['Danny Glover', 'Whoopi Goldberg', 'Oprah Winfrey', 'Margaret Avery']",A black Southern woman struggles to find her identity after suffering abuse from her father and others over four decades.
176,The Killing Fields,-1984,R,141 min,"Biography, Drama, History            ",7.8,"50,187","50,187",Roland Joffé,"['Sam Waterston', 'Haing S. Ngor', 'John Malkovich', 'Julian Sands']","A journalist is trapped in Cambodia during tyrant Pol Pot's bloody 'Year Zero' cleansing campaign, which claimed the lives of two million 'undesirable' civilians."
177,Ghostbusters,-1984,PG,105 min,"Action, Comedy, Fantasy            ",7.8,"3,45,550","3,45,550",Ivan Reitman,"['Bill Murray', 'Dan Aykroyd', 'Sigourney Weaver', 'Harold Ramis']",Three former parapsychology professors set up shop as a unique ghost removal service.
178,The Right Stuff,-1983,PG,193 min,"Adventure, Biography, Drama            ",7.8,"54,747","54,747",Philip Kaufman,"['Sam Shepard', 'Scott Glenn', 'Ed Harris', 'Dennis Quaid']","The story of the original Mercury 7 astronauts and their macho, seat-of-the-pants approach to the space program."
179,The King of Comedy,-1982,PG,109 min,"Comedy, Crime, Drama            ",7.8,"83,341","83,341",Martin Scorsese,"['Robert De Niro', 'Jerry Lewis', 'Diahnne Abbott', 'Sandra Bernhard']","Rupert Pupkin is a passionate yet unsuccessful comic who craves nothing more than to be in the spotlight and to achieve this, he stalks and kidnaps his idol to take the spotlight for himself."
180,E.T. the Extra-Terrestrial,-1982,PG,115 min,"Family, Sci-Fi            ",7.8,"3,60,874","3,60,874",Steven Spielberg,"['Henry Thomas', 'Drew Barrymore', 'Peter Coyote', 'Dee Wallace']",A troubled child summons the courage to help a friendly alien escape Earth and return to his home world.
181,Kramer vs. Kramer,-1979,PG,105 min,Drama            ,7.8,"1,28,688","1,28,688",Robert Benton,"['Dustin Hoffman', 'Meryl Streep', 'Jane Alexander', 'Justin Henry']","Ted Kramer's wife leaves him, allowing for a lost bond to be rediscovered between Ted and his son, Billy. But a heated custody battle ensues over the divorced couple's son, deepening the wounds left by the separation."
182,Halloween,-1978,R,91 min,"Horror, Thriller            ",7.8,"2,21,288","2,21,288",John Carpenter,"['Donald Pleasence', 'Jamie Lee Curtis', 'Tony Moran', 'Nancy Kyes']","Fifteen years after murdering his sister on Halloween night 1963, Michael Myers escapes from a mental hospital and returns to the small town of Haddonfield, Illinois to kill again."
183,Days of Heaven,-1978,PG,94 min,"Drama, Romance            ",7.8,"50,603","50,603",Terrence Malick,"['Richard Gere', 'Brooke Adams', 'Sam Shepard', 'Linda Manz']",A hot-tempered farm laborer convinces the woman he loves to marry their rich but dying boss so that they can have a claim to his fortune.
184,The Outlaw Josey Wales,-1976,PG,135 min,Western            ,7.8,"63,781","63,781",Clint Eastwood,"['Clint Eastwood', 'Sondra Locke', 'Chief Dan George', 'Bill McKinney']",Missouri farmer Josey Wales joins a Confederate guerrilla unit and winds up on the run from the Union soldiers who murdered his family.
185,The Man Who Would Be King,-1975,PG,129 min,"Adventure, History, War            ",7.8,"42,954","42,954",John Huston,"['Sean Connery', 'Michael Caine', 'Christopher Plummer', 'Saeed Jaffrey']","Two British former soldiers decide to set themselves up as Kings in Kafiristan, a land where no white man has set foot since Alexander the Great."
186,The Conversation,-1974,PG,113 min,"Drama, Mystery, Thriller            ",7.8,"94,934","94,934",Francis Ford Coppola,"['Gene Hackman', 'John Cazale', 'Allen Garfield', 'Frederic Forrest']","A paranoid, secretive surveillance expert has a crisis of conscience when he suspects that the couple he is spying on will be murdered."
187,The Day of the Jackal,-1973,PG,143 min,"Crime, Drama, Thriller            ",7.8,"36,348","36,348",Fred Zinnemann,"['Edward Fox', 'Terence Alexander', 'Michel Auclair', 'Alan Badel']","A professional assassin codenamed ""Jackal"" plots to kill Charles de Gaulle, the President of France."
188,Badlands,-1973,PG,94 min,"Action, Crime, Drama            ",7.8,"63,510","63,510",Terrence Malick,"['Martin Sheen', 'Sissy Spacek', 'Warren Oates', 'Ramon Bieri']",An impressionable teenage girl from a dead-end town and her older greaser boyfriend embark on a killing spree in the South Dakota badlands.
189,Cabaret,-1972,PG,124 min,"Drama, Musical            ",7.8,"46,952","46,952",Bob Fosse,"['Liza Minnelli', 'Michael York', 'Helmut Griem', 'Joel Grey']",A female girlie club entertainer in Weimar Republic era Berlin romances two men while the Nazi Party rises to power around them.
190,Willy Wonka & the Chocolate Factory,-1971,G,100 min,"Family, Fantasy, Musical            ",7.8,"1,73,064","1,73,064",Mel Stuart,"['Gene Wilder', 'Jack Albertson', 'Peter Ostrum', 'Roy Kinnear']",A poor but hopeful boy seeks one of the five coveted golden tickets that will send him on a tour of Willy Wonka's mysterious chocolate factory.
191,Midnight Cowboy,-1969,R,113 min,Drama            ,7.8,"98,114","98,114",John Schlesinger,"['Dustin Hoffman', 'Jon Voight', 'Sylvia Miles', 'John McGiver']","A naive hustler travels from Texas to New York City to seek personal fortune, finding a new friend in the process."
192,Wait Until Dark,-1967,Not Rated,108 min,Thriller            ,7.8,"26,993","26,993",Terence Young,"['Audrey Hepburn', 'Alan Arkin', 'Richard Crenna', 'Efrem Zimbalist Jr.']",A recently blinded woman is terrorized by a trio of thugs while they search for a heroin-stuffed doll they believe is in her apartment.
193,Guess Who's Coming to Dinner,-1967,Not Rated,108 min,"Comedy, Drama            ",7.8,"38,119","38,119",Stanley Kramer,"['Spencer Tracy', 'Sidney Poitier', 'Katharine Hepburn', 'Katharine Houghton']",A couple's attitudes are challenged when their daughter introduces them to her African-American fiancé.
194,Bonnie and Clyde,-1967,R,111 min,"Action, Biography, Crime            ",7.8,"99,782","99,782",Arthur Penn,"['Warren Beatty', 'Faye Dunaway', 'Michael J. Pollard', 'Gene Hackman']","Bored waitress Bonnie Parker falls in love with an ex-con named Clyde Barrow and together they start a violent crime spree through the country, stealing cars and robbing banks."
195,My Fair Lady,-1964,G,170 min,"Drama, Family, Musical            ",7.8,"84,426","84,426",George Cukor,"['Audrey Hepburn', 'Rex Harrison', 'Stanley Holloway', 'Wilfrid Hyde-White']",Snobbish phonetics Professor Henry Higgins agrees to a wager that he can make flower girl Eliza Doolittle presentable in high society.
196,Mary Poppins,-1964,G,139 min,"Comedy, Family, Fantasy            ",7.8,"1,53,619","1,53,619",Robert Stevenson,"['Julie Andrews', 'Dick Van Dyke', 'David Tomlinson', 'Glynis Johns']","In turn of the century London, a magical nanny employs music and adventure to help two neglected children become closer to their father."
197,The Longest Day,-1962,G,178 min,"Action, Drama, History            ",7.8,"51,256","51,256",Ken Annakin,"['Andrew Marton', 'Gerd Oswald', 'Bernhard Wicki', 'Darryl F. Zanuck']","The events of D-Day, told on a grand scale from both the Allied and German points of view."
198,Jules and Jim,-1962,Not Rated,105 min,"Drama, Romance            ",7.8,"36,357","36,357",François Truffaut,"['Jeanne Moreau', 'Oskar Werner', 'Henri Serre', 'Vanna Urbino']",Decades of a love triangle concerning two friends and an impulsive woman.
199,The Innocents,-1961,Not Rated,100 min,Horror            ,7.8,"25,742","25,742",Jack Clayton,"['Deborah Kerr', 'Peter Wyngarde', 'Megs Jenkins', 'Michael Redgrave']",A young governess for two children becomes convinced that the house and grounds are haunted.
200,The Ten Commandments,-1956,G,220 min,"Adventure, Drama            ",7.8,"62,108","62,108",Cecil B. DeMille,"['Charlton Heston', 'Yul Brynner', 'Anne Baxter', 'Edward G. Robinson']","Moses, an Egyptian Prince, learns of his true heritage as a Hebrew and his divine mission as the deliverer of his people."
201,Red River,-1948,Passed,133 min,"Action, Adventure, Drama            ",7.8,"27,246","27,246",Howard Hawks,"['Arthur Rosson', 'John Wayne', 'Montgomery Clift', 'Joanne Dru']","Dunson leads a cattle drive, the culmination of over 14 years of work, to its destination in Missouri. But his tyrannical behavior along the way causes a mutiny, led by his adopted son."
202,Key Largo,-1948,Not Rated,100 min,"Action, Crime, Drama            ",7.8,"36,136","36,136",John Huston,"['Humphrey Bogart', 'Edward G. Robinson', 'Lauren Bacall', 'Lionel Barrymore']","A man visits his war buddy's family hotel and finds a gangster running things. As a hurricane approaches, the two end up confronting each other."
203,To Have and Have Not,-1944,Passed,100 min,"Adventure, Comedy, Film-Noir            ",7.8,"30,083","30,083",Howard Hawks,"['Humphrey Bogart', 'Lauren Bacall', 'Walter Brennan', 'Dolores Moran']","During World War II, American expatriate Harry Morgan helps transport a French Resistance leader and his beautiful wife to Martinique while romancing a sensuous lounge singer."
204,Shadow of a Doubt,-1943,PG,108 min,Thriller            ,7.8,"57,659","57,659",Alfred Hitchcock,"['Teresa Wright', 'Joseph Cotten', 'Macdonald Carey', 'Henry Travers']",A young woman discovers her visiting uncle may not be the man he seems to be.
205,Fantasia,-1940,G,125 min,"Animation, Family, Fantasy            ",7.8,"86,414","86,414",James Algar,"['Samuel Armstrong', 'Ford Beebe Jr.', 'Norman Ferguson', 'David Hand']",A collection of animated interpretations of great works of Western classical music.
206,The Lady Vanishes,-1938,Not Rated,96 min,"Mystery, Thriller            ",7.8,"45,855","45,855",Alfred Hitchcock,"['Margaret Lockwood', 'Michael Redgrave', 'Paul Lukas', 'May Whitty']","While travelling in continental Europe, a rich young playgirl realizes that an elderly lady seems to have disappeared from the train."
207,Bride of Frankenstein,-1935,Not Rated,75 min,"Drama, Horror, Sci-Fi            ",7.8,"41,961","41,961",James Whale,"['Boris Karloff', 'Elsa Lanchester', 'Colin Clive', 'Valerie Hobson']","Mary Shelley reveals the main characters of her novel survived: Dr. Frankenstein, goaded by an even madder scientist, builds his monster a mate."
208,Duck Soup,-1933,Not Rated,69 min,"Comedy, Musical, War            ",7.8,"54,544","54,544",Leo McCarey,"['Groucho Marx', 'Harpo Marx', 'Chico Marx', 'Zeppo Marx']",Rufus T. Firefly is named president/dictator of bankrupt Freedonia and declares war on neighboring Sylvania over the love of wealthy Mrs. Teasdale.
209,Frankenstein,-1931,Passed,70 min,"Drama, Horror, Romance            ",7.8,"62,995","62,995",James Whale,"['Colin Clive', 'Mae Clarke', 'Boris Karloff', 'John Boles']",An obsessed scientist assembles a living being from parts of exhumed corpses.
210,Once Upon a Time... in Hollywood,-2019,R,161 min,"Comedy, Drama            ",7.7,"4,94,707","4,94,707",Quentin Tarantino,"['Leonardo DiCaprio', 'Brad Pitt', 'Margot Robbie', 'Emile Hirsch']",A faded television actor and his stunt double strive to achieve fame and success in the final years of Hollywood's Golden Age in 1969 Los Angeles.
211,Roma,-2018,R,135 min,Drama            ,7.7,"1,33,217","1,33,217",Alfonso Cuarón,"['Yalitza Aparicio', 'Marina de Tavira', 'Diego Cortina Autrey', 'Carlos Peralta']",A year in the life of a middle-class family's maid in Mexico City in the early 1970s.
212,Deadpool 2,-2018,R,119 min,"Action, Adventure, Comedy            ",7.7,"4,56,903","4,56,903",David Leitch,"['Ryan Reynolds', 'Josh Brolin', 'Morena Baccarin', 'Julian Dennison']","Foul-mouthed mutant mercenary Wade Wilson (a.k.a. Deadpool), brings together a team of fellow mutant rogues to protect a young boy with supernatural abilities from the brutal, time-traveling cyborg Cable."
213,Wind River,-2017,R,107 min,"Crime, Drama, Mystery            ",7.7,"1,93,862","1,93,862",Taylor Sheridan,"['Kelsey Asbille', 'Jeremy Renner', 'Julia Jones', 'Teo Briones']",A veteran hunter helps an FBI agent investigate the murder of a young woman on a Wyoming Native American reservation.
214,Get Out,(I) (2017),R,104 min,"Horror, Mystery, Thriller            ",7.7,"4,67,661","4,67,661",Jordan Peele,"['Daniel Kaluuya', 'Allison Williams', 'Bradley Whitford', 'Catherine Keener']","A young African-American visits his white girlfriend's parents for the weekend, where his simmering uneasiness about their reception of him eventually reaches a boiling point."
215,Mission: Impossible - Fallout,-2018,PG-13,147 min,"Action, Adventure, Thriller            ",7.7,"2,78,234","2,78,234",Christopher McQuarrie,"['Tom Cruise', 'Henry Cavill', 'Ving Rhames', 'Simon Pegg']","Ethan Hunt and his IMF team, along with some familiar allies, race against time after a mission gone wrong."
216,A Man Called Ove,-2015,PG-13,116 min,"Comedy, Drama, Romance            ",7.7,"44,561","44,561",Hannes Holm,"['Rolf Lassgård', 'Bahar Pars', 'Filip Berg', 'Ida Engvoll']","Ove, an ill-tempered, isolated retiree who spends his days enforcing block association rules and visiting his wife's grave, has finally given up on life just as an unlikely friendship develops with his boisterous new neighbors."
217,What We Do in the Shadows,-2014,R,86 min,"Comedy, Horror            ",7.7,"1,48,865","1,48,865",Jemaine Clement,"['Taika Waititi', 'Jemaine Clement', 'Taika Waititi', 'Cori Gonzalez-Macuer']","Viago, Deacon and Vladislav are vampires who are finding that modern life has them struggling with the mundane - like paying rent, keeping up with the chore wheel, trying to get into nightclubs and overcoming flatmate conflicts."
218,When Marnie Was There,-2014,PG,103 min,"Animation, Drama, Family            ",7.7,"30,006","30,006",James Simone,"['Hiromasa Yonebayashi', 'Sara Takatsuki', 'Kasumi Arimura', 'Nanako Matsushima']","Due to 12 y.o. Anna's asthma, she's sent to stay with relatives of her guardian in the Japanese countryside. She likes to be alone, sketching. She befriends Marnie. Who is the mysterious, blonde Marnie."
219,The Theory of Everything,-2014,PG-13,123 min,"Biography, Drama, Romance            ",7.7,"3,88,379","3,88,379",James Marsh,"['Eddie Redmayne', 'Felicity Jones', 'Tom Prior', 'Sophie Perry']",A look at the relationship between the famous physicist Stephen Hawking and his wife.
220,Kingsman: The Secret Service,-2014,R,129 min,"Action, Adventure, Comedy            ",7.7,"5,76,998","5,76,998",Matthew Vaughn,"['Colin Firth', 'Taron Egerton', 'Samuel L. Jackson', 'Michael Caine']","A spy organisation recruits a promising street kid into the agency's training program, while a global threat emerges from a twisted tech genius."
221,The Fault in Our Stars,-2014,PG-13,126 min,"Drama, Romance            ",7.7,"3,35,312","3,35,312",Josh Boone,"['Shailene Woodley', 'Ansel Elgort', 'Nat Wolff', 'Laura Dern']",Two teenage cancer patients begin a life-affirming journey to visit a reclusive author in Amsterdam.
222,Me and Earl and the Dying Girl,-2015,PG-13,105 min,"Comedy, Drama            ",7.7,"1,20,038","1,20,038",Alfonso Gomez-Rejon,"['Thomas Mann', 'RJ Cyler', 'Olivia Cooke', 'Nick Offerman']","High schooler Greg, who spends most of his time making parodies of classic movies with his co-worker Earl, finds his outlook forever altered after befriending a classmate who has just been diagnosed with cancer."
223,Birdman or (The Unexpected Virtue of Ignorance),-2014,R,119 min,"Comedy, Drama            ",7.7,"5,63,292","5,63,292",Alejandro G. Iñárritu,"['Michael Keaton', 'Zach Galifianakis', 'Edward Norton', 'Andrea Riseborough']","A washed-up superhero actor attempts to revive his fading career by writing, directing, and starring in a Broadway production."
224,Blue Is the Warmest Colour,-2013,NC-17,180 min,"Drama, Romance            ",7.7,"1,34,575","1,34,575",Abdellatif Kechiche,"['Léa Seydoux', 'Adèle Exarchopoulos', 'Salim Kechiouche', 'Aurélien Recoing']","Adèle's life is changed when she meets Emma, a young woman with blue hair, who will allow her to discover desire and to assert herself as a woman and as an adult. In front of others, Adèle grows, seeks herself, loses herself, and ultimately finds herself through love and loss."
225,Captain America: The Winter Soldier,-2014,PG-13,136 min,"Action, Adventure, Sci-Fi            ",7.7,"7,15,943","7,15,943",Anthony Russo,"['Joe Russo', 'Chris Evans', 'Samuel L. Jackson', 'Scarlett Johansson']","As Steve Rogers struggles to embrace his role in the modern world, he teams up with a fellow Avenger and S.H.I.E.L.D agent, Black Widow, to battle a new threat from history: an assassin known as the Winter Soldier."
226,Nebraska,-2013,R,115 min,"Adventure, Comedy, Drama            ",7.7,"1,10,244","1,10,244",Alexander Payne,"['Bruce Dern', 'Will Forte', 'June Squibb', 'Bob Odenkirk']","An aging, booze-addled father makes the trip from Montana to Nebraska with his estranged son in order to claim a million-dollar Mega Sweepstakes Marketing prize."
227,Wreck-It Ralph,-2012,PG,101 min,"Animation, Adventure, Comedy            ",7.7,"3,69,880","3,69,880",Rich Moore,"['John C. Reilly', 'Jack McBrayer', 'Jane Lynch', 'Sarah Silverman']","A video game villain wants to be a hero and sets out to fulfill his dream, but his quest brings havoc to the whole arcade where he lives."
228,The Little Prince,-2015,PG,108 min,"Animation, Adventure, Drama            ",7.7,"54,703","54,703",Mark Osborne,"['Jeff Bridges', 'Mackenzie Foy', 'Rachel McAdams', 'Marion Cotillard']","A little girl lives in a very grown-up world with her mother, who tries to prepare her for it. Her neighbor, the Aviator, introduces the girl to an extraordinary world where anything is possible, the world of the Little Prince."
229,Detachment,-2011,Not Rated,98 min,Drama            ,7.7,"74,377","74,377",Tony Kaye,"['Adrien Brody', 'Christina Hendricks', 'Marcia Gay Harden', 'Lucy Liu']",A substitute teacher who drifts from classroom to classroom finds a connection to the students and teachers during his latest assignment.
230,Midnight in Paris,-2011,PG-13,94 min,"Comedy, Fantasy, Romance            ",7.7,"3,77,873","3,77,873",Woody Allen,"['Owen Wilson', 'Rachel McAdams', 'Kathy Bates', 'Kurt Fuller']","While on a trip to Paris with his fiancée's family, a nostalgic screenwriter finds himself mysteriously going back to the 1920s every day at midnight."
231,A Star Is Born,-2018,R,136 min,"Drama, Music, Romance            ",7.7,"3,14,704","3,14,704",Bradley Cooper,"['Lady Gaga', 'Bradley Cooper', 'Sam Elliott', 'Greg Grunberg']",A musician helps a young singer find fame as age and alcoholism send his own career into a downward spiral.
232,The Lego Movie,-2014,PG,100 min,"Animation, Action, Adventure            ",7.7,"3,18,310","3,18,310",Christopher Miller,"['Phil Lord', 'Chris Pratt', 'Will Ferrell', 'Elizabeth Banks']","An ordinary LEGO construction worker, thought to be the prophesied as ""special"", is recruited to join a quest to stop an evil tyrant from gluing the LEGO universe into eternal stasis."
233,Gravity,-2013,PG-13,91 min,"Drama, Sci-Fi, Thriller            ",7.7,"7,52,706","7,52,706",Alfonso Cuarón,"['Sandra Bullock', 'George Clooney', 'Ed Harris', 'Orto Ignatiussen']",Two astronauts work together to survive after an accident leaves them stranded in space.
234,Star Trek Into Darkness,-2013,PG-13,132 min,"Action, Adventure, Sci-Fi            ",7.7,"4,57,536","4,57,536",J.J. Abrams,"['Chris Pine', 'Zachary Quinto', 'Zoe Saldana', 'Benedict Cumberbatch']","After the crew of the Enterprise find an unstoppable force of terror from within their own organization, Captain Kirk leads a manhunt to a war-zone world to capture a one-man weapon of mass destruction."
235,Beasts of No Nation,-2015,Not Rated,137 min,"Drama, War            ",7.7,"71,098","71,098",Cary Joji Fukunaga,"['Abraham Attah', 'Emmanuel Affadzi', 'Ricky Adelayitor', 'Andrew Adote']","A drama based on the experiences of Agu, a child soldier fighting in the civil war of an unnamed African country."
236,The Social Network,-2010,PG-13,120 min,"Biography, Drama            ",7.7,"6,05,720","6,05,720",David Fincher,"['Jesse Eisenberg', 'Andrew Garfield', 'Justin Timberlake', 'Rooney Mara']","As Harvard student Mark Zuckerberg creates the social networking site that would become known as Facebook, he is sued by the twins who claimed he stole their idea, and by the co-founder who was later squeezed out of the business."
237,X-Men: First Class,-2011,PG-13,131 min,"Action, Adventure, Sci-Fi            ",7.7,"6,35,027","6,35,027",Matthew Vaughn,"['James McAvoy', 'Michael Fassbender', 'Jennifer Lawrence', 'Kevin Bacon']","In the 1960s, superpowered humans Charles Xavier and Erik Lensherr work together to find others like them, but Erik's vengeful pursuit of an ambitious mutant who ruined his life causes a schism to divide them."
238,The Hangover,-2009,R,100 min,Comedy            ,7.7,"7,03,535","7,03,535",Todd Phillips,"['Zach Galifianakis', 'Bradley Cooper', 'Justin Bartha', 'Ed Helms']","Three buddies wake up from a bachelor party in Las Vegas, with no memory of the previous night and the bachelor missing. They make their way around the city in order to find their friend before his wedding."
239,Skyfall,-2012,PG-13,143 min,"Action, Adventure, Thriller            ",7.7,"6,18,438","6,18,438",Sam Mendes,"['Daniel Craig', 'Javier Bardem', 'Naomie Harris', 'Judi Dench']","James Bond's loyalty to M is tested when her past comes back to haunt her. When MI6 comes under attack, 007 must track down and destroy the threat, no matter how personal the cost."
240,Silver Linings Playbook,-2012,R,122 min,"Comedy, Drama, Romance            ",7.7,"6,49,065","6,49,065",David O. Russell,"['Bradley Cooper', 'Jennifer Lawrence', 'Robert De Niro', 'Jacki Weaver']","After a stint in a mental institution, former teacher Pat Solitano moves back in with his parents and tries to reconcile with his ex-wife. Things get more challenging when Pat meets Tiffany, a mysterious girl with problems of her own."
241,Argo,-2012,R,120 min,"Biography, Drama, Thriller            ",7.7,"5,61,272","5,61,272",Ben Affleck,"['Ben Affleck', 'Bryan Cranston', 'John Goodman', 'Alan Arkin']","Acting under the cover of a Hollywood producer scouting a location for a science fiction film, a CIA agent launches a dangerous operation to rescue six Americans in Tehran during the U.S. hostage crisis in Iran in 1979."
242,500 Days of Summer,-2009,PG-13,95 min,"Comedy, Drama, Romance            ",7.7,"4,62,605","4,62,605",Marc Webb,"['Zooey Deschanel', 'Joseph Gordon-Levitt', 'Geoffrey Arend', 'Chloë Grace Moretz']","An offbeat romantic comedy about a woman who doesn't believe true love exists, and the young man who falls for her."
243,Harry Potter and the Deathly Hallows: Part 1,-2010,PG-13,146 min,"Adventure, Family, Fantasy            ",7.7,"4,60,406","4,60,406",David Yates,"['Daniel Radcliffe', 'Emma Watson', 'Rupert Grint', 'Bill Nighy']","As Harry (Daniel Radcliffe), Ron (Rupert Grint), and Hermione (Emma Watson) race against time and evil to destroy the Horcruxes, they uncover the existence of the three most powerful objects in the wizarding world: the Deathly Hallows."
244,Ponyo,-2008,G,101 min,"Animation, Adventure, Comedy            ",7.7,"1,19,015","1,19,015",Hayao Miyazaki,"['Cate Blanchett', 'Matt Damon', 'Liam Neeson', 'Tomoko Yamaguchi']","A five-year-old boy develops a relationship with Ponyo, a young goldfish princess who longs to become a human after falling in love with him."
245,Frost/Nixon,-2008,R,122 min,"Biography, Drama, History            ",7.7,"1,01,033","1,01,033",Ron Howard,"['Frank Langella', 'Michael Sheen', 'Kevin Bacon', 'Sam Rockwell']",A dramatic retelling of the post-Watergate television interviews between British talk-show host David Frost and former president Richard Nixon.
246,Paprika,-2006,R,90 min,"Animation, Drama, Fantasy            ",7.7,"67,782","67,782",Satoshi Kon,"['Megumi Hayashibara', 'Tôru Emori', 'Katsunosuke Hori', 'Tôru Furuya']","When a machine that allows therapists to enter their patients' dreams is stolen, all Hell breaks loose. Only a young female therapist, Paprika, can stop it."
247,Changeling,-2008,R,141 min,"Biography, Crime, Drama            ",7.7,"2,32,556","2,32,556",Clint Eastwood,"['Angelina Jolie', 'Colm Feore', 'Amy Ryan', 'Gattlin Griffith']",Grief-stricken mother Christine Collins (Angelina Jolie) takes on the L.A.P.D. to her own detriment when it tries to pass off an obvious impostor as her missing child.
248,Flipped,(I) (2010),PG,90 min,"Comedy, Drama, Romance            ",7.7,"79,299","79,299",Rob Reiner,"['Madeline Carroll', 'Callan McAuliffe', 'Rebecca De Mornay', 'Anthony Edwards']",Two eighth-graders start to have feelings for each other despite being total opposites.
249,Death Note,-2006,Not Rated,126 min,"Crime, Drama, Fantasy            ",7.7,"28,103","28,103",Shûsuke Kaneko,"['Tatsuya Fujiwara', ""Ken'ichi Matsuyama"", 'Asaka Seto', 'Shigeki Hosokawa']","A battle between the world's two greatest minds begins when Light Yagami finds the Death Note, a notebook with the power to kill, and decides to rid the world of criminals."
